condition,cells,visible_nascents,percent_visible_nascents
wt,37,16,0.432432432
wt,24,9,0.375
wt,33,16,0.484848485
wt,31,13,0.419354839
wt,35,15,0.428571429
wt,28,10,0.357142857
wt,32,12,0.375
mutant,26,1,0.038461538
mutant,29,1,0.034482759
mutant,25,1,0.04
mutant,37,0,0
mutant,13,4,0.307692308
mutant,25,0,0
mutant,23,2,0.086956522
mutant,38,1,0.026315789
mutant,30,0,0
mutant,27,1,0.037037037
mutant,12,1,0.083333333
mutant,15,0,0
mutant,18,0,0
mutant,21,0,0